{"cameraMode":{"drawMode":0,"name":"Shaded","section":"Shading Mode"},"sceneLighting":false,"audioPlay":false,"sceneViewState":{"showFog":true,"showMaterialUpdate":false,"showSkybox":false,"showFlares":true,"showImageEffects":true,"showParticleSystems":true},"in2DMode":false,"pivot":{"x":-27.730485916137697,"y":24.611610412597658,"z":-2063.409423828125},"rotation":{"x":0.34106186032295229,"y":-0.03580131009221077,"z":0.012999939732253552,"w":0.939268946647644},"size":2.8578836917877199,"orthographic":false}