{"cameraMode":{"drawMode":0,"name":"Shaded","section":"Shading Mode"},"sceneLighting":true,"audioPlay":false,"sceneViewState":{"showFog":true,"showMaterialUpdate":false,"showSkybox":true,"showFlares":true,"showImageEffects":true,"showParticleSystems":true},"in2DMode":false,"pivot":{"x":494.45892333984377,"y":29.68285369873047,"z":279.9964294433594},"rotation":{"x":-0.035956356674432757,"y":0.8590744733810425,"z":-0.06093273311853409,"w":-0.5069372057914734},"size":687.7896118164063,"orthographic":false}